fullCity,meanNDVI,ls_Mortality_Rate,ls_Stroke_Rate,ls_Dementia_Rate,popOver20_2023,popOver35_2023,popOver55_2023,geoid,city,state,countyGEOID,standardDevNDVI
"Metairie, Louisiana",0.5641225411381288,277.94091599845166,46.36009944073797,123.48200468461754,87278,71966,32316,NA,Metairie CDP,Louisiana,22051,0.23465560828555487
"Spring Valley, Nevada",0.24524219116547988,67.74184090011329,15.21919903832874,36.956348341552726,161968,128579,49534,NA,Spring Valley CDP,Nevada,32003,0.1635182755920593
"Arlington, Virginia",0.6708312756474186,140.70567674546487,54.09069953750934,158.97509663743412,171286,115896,38180,NA,Arlington CDP,Virginia,51013,0.22311876732571528
"Bayamón zona urbana, Puerto Rico",0.6126977083119342,298.6444198959443,40.69443026908307,140.44881977101562,108191,94239,42512,NA,Bayamón zona urbana,Puerto Rico,72021,0.26789636302114644
"Urban Honolulu, Hawaii",0.7085517540791202,310.2868642787296,59.36042947732753,195.3081555771571,229834,164672,68448,NA,Urban Honolulu CDP,Hawaii,15003,0.2891023899515353
"Enterprise, Nevada",0.19846405124550304,45.48423905793078,10.256167560336054,24.85390267106735,187766,134411,43493,NA,Enterprise CDP,Nevada,32003,0.1266782547712763
"Paradise, Nevada",0.24811578528986136,69.1230377975142,15.526004904878286,37.706102394077234,137970,118965,45261,NA,Paradise CDP,Nevada,32003,0.18251455131536556
"Sunrise Manor, Nevada",0.20645109148570048,49.25454241829884,11.099404061947812,26.90670023527859,131788,103200,39199,NA,Sunrise Manor CDP,Nevada,32003,0.14124122440622472
"San Juan zona urbana, Puerto Rico",0.538141373165165,251.23763444605714,34.44259405777445,118.4718385257842,203819,167819,75693,NA,San Juan zona urbana,Puerto Rico,72127,0.27894368666066627
"Paterson city, New Jersey",0.5313767270345415,190.08855309554443,35.64429877160099,119.88013160706232,97787,75418,28685,NA,Paterson city,New Jersey,34031,0.2467097022945012
"Jersey  city, New Jersey",0.4240878488056603,92.23935137257907,26.411198320068475,88.40119738116469,204733,137748,44962,NA,Jersey City city,New Jersey,34017,0.2793281342829311
"Yonkers city, New York",0.6859916489533987,255.6832213492469,45.18218686951325,182.05524380263276,134876,103098,42954,NA,Yonkers city,New York,36119,0.2393811908879052
"Alexandria city, Virginia",0.6437002905845932,156.33643339990687,51.33856931253052,150.70007077429756,113428,96483,31937,NA,Alexandria city,Virginia,51510,0.23220543727000328
"Fullerton city, California",0.4536295381662837,144.72254139452062,30.164836143852984,121.36378440351785,103861,84534,34244,NA,Fullerton city,California,06059,0.23757301942647163
"Pomona city, California",0.45651457515242544,144.83197618072478,30.422236021055213,122.41517918471789,101403,82551,32373,NA,Pomona city,California,06037,0.2521142582522543
"Salinas city, California",0.6098734536621333,212.66704129795409,44.37965452721302,179.81549804795955,99148,66377,23041,NA,Salinas city,California,06053,0.2795638582959403
"Santa Ana city, California",0.3804321313655446,113.02825035118211,23.69690500598574,95.0307364515464,219047,159563,57527,NA,Santa Ana city,California,06059,0.21740685199122772
"Bridgeport city, Connecticut",0.6118406744306328,NA,42.44475762230196,149.64208102276484,116768,77074,30622,NA,Bridgeport city,Connecticut,09120,0.2524051775522478
"Hialeah city, Florida",0.4330691166274165,147.09874164439003,30.319604810417157,98.87187149840301,159227,130871,55908,NA,Hialeah city,Florida,12086,0.2726034802716905
"Springfield city, Massachusetts",0.732909476128446,411.41152069004755,51.06485877044551,191.81769986099823,97293,77030,31974,NA,Springfield city,Massachusetts,25013,0.21774087191451472
"Worcester city, Massachusetts",0.7512437050401608,346.90178351783044,52.66984668611937,198.01324028354415,137401,96495,40010,NA,Worcester city,Massachusetts,25027,0.22123399767439952
"Providence city, Rhode Island",0.6178529748719896,271.93851660363117,41.48545279372942,148.8224681303857,126608,95923,35691,NA,Providence city,Rhode Island,44007,0.24675773900821735
"Tempe city, Arizona",0.37470227071725737,126.93946362771155,22.722846089425385,76.57839467583946,139288,82994,32148,NA,Tempe city,Arizona,04013,0.21155193081074333
"Elk Grove city, California",0.6470600862056426,276.69507681665203,47.84670102573152,194.1909480910341,113654,98396,36714,NA,Elk Grove city,California,06067,0.23481602850106903
"Garden Grove city, California",0.3909053969178344,117.50529604964652,24.615001806108594,98.75845518374524,141590,115700,48055,NA,Garden Grove city,California,06059,0.21006477143649052
"Glendale city, California",0.6038801021978228,211.13467486734288,43.82392815680329,177.5155828461255,128084,109784,45080,NA,Glendale city,California,06037,0.27133399985986645
"Huntington Beach city, California",0.40604930368191944,124.01286089539735,25.94685509218082,104.17212214740002,134830,106767,48702,NA,Huntington Beach city,California,06059,0.2391294892988386
"Ontario city, California",0.39454100062073166,129.36173489430547,24.934273511824536,100.05557345254176,117893,109594,40131,NA,Ontario city,California,06071,0.2644135128233824
"Rancho Cucamonga city, California",0.4281217683342275,145.12254326701236,27.897242451549257,112.11273726994472,116789,99137,39409,NA,Rancho Cucamonga city,California,06071,0.220338758658941
"Sunnyvale city, California",0.4833467103341899,125.16877547547152,32.82522045488984,132.24320658790316,129093,82959,28162,NA,Sunnyvale city,California,06085,0.2230482916910548
"Torrance city, California",0.4023406420640304,121.4433988504069,25.620217847865458,102.84376429770403,93118,95010,39797,NA,Torrance city,California,06037,0.2437712477986076
"Washington city, District of Columbia",0.6327730362444097,218.75329154589673,45.28586149429619,156.07630868298045,471408,276583,94097,NA,Washington city,District of Columbia,11001,0.24309218786019943
"Pembroke Pines city, Florida",0.6394991367251169,257.7509659327178,50.43915978088636,166.01799108645145,114035,112393,48056,NA,Pembroke Pines city,Florida,12011,0.25733691860075303
"Baltimore city, Maryland",0.5700202596639997,309.7002667267735,46.134604956336794,127.98343406812407,384524,277692,115004,NA,Baltimore city,Maryland,24510,0.26640119241317495
"Minneapolis city, Minnesota",0.610616066921203,230.11404160103885,46.22948187993614,150.73386291735326,300594,188210,67771,NA,Minneapolis city,Minnesota,27053,0.23440349417495027
"St. Paul city, Minnesota",0.6488017874233318,299.39946483961853,49.93349094258188,163.0937485324812,202130,139273,54374,NA,St. Paul city,Minnesota,27123,0.23545600271571865
"St. Louis city, Missouri",0.5515090374885886,268.11200893264254,44.37812870128276,130.65240710704094,203739,146197,60717,NA,St. Louis city,Missouri,29510,0.2628325962297455
"Newark city, New Jersey",0.4294241711585988,135.40336052599687,26.864515446873195,89.93989083261785,201016,156556,55809,NA,Newark city,New Jersey,34013,0.26708417112158245
"Buffalo city, New York",0.5904111261935985,304.0480726003335,37.34633937842976,149.82912152171625,183273,124643,53847,NA,Buffalo city,New York,36029,0.23929417403840336
"Syracuse city, New York",0.7011478305417815,365.07756880715283,46.442271025338535,187.26227170003585,92407,67516,29639,NA,Syracuse city,New York,36067,0.22470563828898515
"Bellevue city, Washington",0.7639242107682603,264.6140209619147,58.34580093550401,185.08228498452857,111329,92038,32093,NA,Bellevue city,Washington,53033,0.2227246434810954
"Anaheim city, California",0.46278581292399174,148.75424321705717,30.982399675897454,124.70417045664806,254960,198152,76373,NA,Anaheim city,California,06059,0.2562120350415059
"Chula Vista city, California",0.5717051553136636,196.29502634011996,40.85495335949891,165.24846544521924,194397,141101,51611,NA,Chula Vista city,California,06073,0.26154721118874685
"Corona city, California",0.5452888271122651,211.02687875094742,38.43542169513057,155.27678623528683,117287,92085,34491,NA,Corona city,California,06065,0.2631651518764411
"Fontana city, California",0.39850066973008114,131.20895089846493,25.282339372369215,101.47013875572756,155237,117763,39124,NA,Fontana city,California,06071,0.2407817815192829
"Fremont city, California",0.563599303417088,174.09189810782257,40.11079387980181,162.17911992629115,152536,139339,49726,NA,Fremont city,California,06001,0.26338001962001273
"Hayward city, California",0.5692067028516262,176.4057829506247,40.62541913874684,164.30150399534764,123926,101154,40748,NA,Hayward city,California,06001,0.26747110338691504
"Irvine city, California",0.5692857812812361,196.77237173623442,40.632681887669335,164.33146390596383,211380,147527,47860,NA,Irvine city,California,06059,0.25311812663346694
"Long Beach city, California",0.3966296490050935,119.00778805799031,25.117827881402626,100.80149165371373,314566,240208,93034,NA,Long Beach city,California,06037,0.24875751751808411
"Moreno Valley city, California",0.5434914342327961,210.09565503681773,38.271383120123744,154.60155384681116,139864,88468,30925,NA,Moreno Valley city,California,06065,0.26398821137821166
"Oakland city, California",0.526488870235809,158.91113311741887,36.723345499476565,148.23452942935998,303971,230287,81065,NA,Oakland city,California,06001,0.2852856085959316
"Oceanside city, California",0.5707778383688462,195.87086834073406,40.76974324692416,164.89690059048664,131847,96027,38534,NA,Oceanside city,California,06073,0.24592178069777595
"Oxnard city, California",0.5164799554327362,194.45956481727364,35.81517988937473,144.50363156707434,132279,94514,34517,NA,Oxnard city,California,06111,0.2734679710470209
"Riverside city, California",0.5295618019485197,202.90187534137593,37.002633261267306,149.38253882099863,225447,150188,54650,NA,Riverside city,California,06065,0.24806401994736613
"Roseville city, California",0.6282262490310281,280.4973806731188,46.08666323885539,186.88751635545017,103558,85322,33131,NA,Roseville city,California,06061,0.2512588344924119
"Santa Clarita city, California",0.544219377491886,183.81071951084365,38.33780964778226,154.87497289793046,150423,117779,45082,NA,Santa Clarita city,California,06037,0.2533238733230189
"Cape Coral city, Florida",0.7028747927446717,347.70491981861005,56.830531459948446,187.59643973005242,136040,105096,52815,NA,Cape Coral city,Florida,12071,0.21671001897150363
"Fort Lauderdale city, Florida",0.5354132377819543,203.5067452896847,40.162751666347305,131.5724063133945,143330,121102,52664,NA,Fort Lauderdale city,Florida,12011,0.25223703529317343
"Hollywood city, Florida",0.5677035609693586,220.08887118388628,43.32177773941676,142.12817886010825,109372,101689,40394,NA,Hollywood city,Florida,12011,0.2721672651917104
"Miami city, Florida",0.49311536657065264,175.81210940612166,36.063646467597074,117.9194127405875,320587,228939,86029,NA,Miami city,Florida,12086,0.26728639958267375
"Columbus city, Georgia",0.7705866758659834,447.06932976874634,67.24188472371402,179.90567582336234,128904,92056,37354,NA,Columbus city,Georgia,13215,0.18122366498608572
"Kansas  city, Kansas",0.7347536658062721,405.7621603691953,63.47246092536226,186.0550749247957,97288,72145,28120,NA,Kansas City city,Kansas,20209,0.23712897820645695
"Grand Rapids city, Michigan",0.6660550579776712,269.7279466909501,54.018869834322466,162.77662740254874,143393,99322,38641,NA,Grand Rapids city,Michigan,26081,0.22159155964319444
"Rochester city, New York",0.6077180549313171,292.25475063650754,38.751131331379725,155.5869416214704,153759,116645,49040,NA,Rochester city,New York,36055,0.2470171802280055
"Toledo city, Ohio",0.6599473214779186,370.43162730087613,55.54044153963268,161.5417734268453,179228,121430,53201,NA,Toledo city,Ohio,39095,0.24897480973507088
"Philadelphia city, Pennsylvania",0.5420939028612968,238.28780499646575,41.130922065539195,129.3511515817026,1047038,682737,276501,NA,Philadelphia city,Pennsylvania,42101,0.2882348713206976
"Clarksville city, Tennessee",0.7562236185391593,290.1763345867343,68.9279768441524,187.86540540951208,125312,74459,25373,NA,Clarksville city,Tennessee,47125,0.196943657065249
"Arlington city, Texas",0.5787622245907635,202.16154386648697,44.39846129397392,121.9998300151716,284709,201593,74918,NA,Arlington city,Texas,48439,0.23883203256970428
"Frisco city, Texas",0.5559250000163543,135.40091381760828,42.15584823866596,115.7180461482021,155382,136851,33762,NA,Frisco city,Texas,48085,0.2247037052119159
"Garland city, Texas",0.6512531649409153,229.6002790100646,51.60380250175238,142.26616380441337,175791,133768,53013,NA,Garland city,Texas,48113,0.21655167889280896
"Irving city, Texas",0.5476346144394374,182.40970226876294,41.34494405601439,113.44967530549525,175009,114242,35158,NA,Irving city,Texas,48113,0.2576887227799475
"Mesquite city, Texas",0.6953814365535487,250.31146794570412,56.05535675682869,154.8500880176188,116093,91458,34092,NA,Mesquite city,Texas,48113,0.2079689989486896
"Plano city, Texas",0.5557127608613085,135.33183845452947,42.135067284318,115.65989458115584,206358,174255,64853,NA,Plano city,Texas,48085,0.2252819160578101
"Newport News city, Virginia",0.6947643618474131,345.074958764885,56.534222756959664,166.3384265011735,119009,89377,36726,NA,Newport News city,Virginia,51700,0.2423789512848029
"Norfolk city, Virginia",0.5505128459229753,240.9945700964527,42.02881108514051,122.85233189593946,160198,99571,41989,NA,Norfolk city,Virginia,51710,0.28712576273215895
"Richmond city, Virginia",0.7069138011989492,305.80156886715747,57.78034972653719,170.09936567641972,158978,118667,48984,NA,Richmond city,Virginia,51760,0.2299868576135353
"Seattle city, Washington",0.6301821239556866,205.39171102792307,45.78871918879934,144.36360430245813,558979,332072,110415,NA,Seattle city,Washington,53033,0.24903893153865375
"Tacoma city, Washington",0.5910617924394032,250.48888043002313,42.195561378736244,132.79916570781444,167691,120068,47426,NA,Tacoma city,Washington,53053,0.25299695727925653
"Birmingham city, Alabama",0.857541754871565,547.758957881506,88.09674588441669,220.15175303499228,204632,147234,62191,NA,Birmingham city,Alabama,01073,0.21573840668285385
"Huntsville city, Alabama",0.7266401465406507,356.74192435425215,71.63831556555348,177.94468557268664,195351,142960,60804,NA,Huntsville city,Alabama,01089,0.23510517352411056
"Mobile city, Alabama",0.7689108330201209,492.41904683581936,76.89340000002184,191.36924995837606,142782,103237,45911,NA,Mobile city,Alabama,01097,0.22472782026494983
"Montgomery city, Alabama",0.7119291986133603,397.5913025313747,69.82263885095053,173.31779694966752,132316,88740,38094,NA,Montgomery city,Alabama,01101,0.1909144603599553
"Anchorage municipality, Alaska",0.5710176745062523,213.57725112261065,41.23250343526923,106.30400976791351,191960,124929,49026,NA,Anchorage municipality,Alaska,02020,0.3694670478389708
"Chandler city, Arizona",0.40920117412469464,143.91113196150965,25.690147493436854,86.7113103176257,193521,147910,53434,NA,Chandler city,Arizona,04013,0.2289992298592791
"Gilbert town, Arizona",0.4528148140868529,165.7117056229907,29.47880131930741,99.69275790662094,172492,144209,46460,NA,Gilbert town,Arizona,04013,0.23637208765495743
"Glendale city, Arizona",0.3479201274826529,113.92785592959655,20.437123746306803,68.79360915070212,195619,147203,56296,NA,Glendale city,Arizona,04013,0.21935295420150452
"Mesa city, Arizona",0.37776795890461007,128.43796555017587,22.98547978597836,77.47403301703123,345688,248335,103120,NA,Mesa city,Arizona,04013,0.2069122115744962
"Peoria city, Arizona",0.3227998050466889,101.85222730370415,18.30730568398913,61.556046692504054,139827,118193,52208,NA,Peoria city,Arizona,04013,0.20024377086246667
"Phoenix city, Arizona",0.3891231307473804,134.0047155243072,23.960045575113053,80.7995864079674,1082936,735754,270630,NA,Phoenix city,Arizona,04013,0.2034956514802019
"Scottsdale city, Arizona",0.4627244271994135,170.7194407936443,30.345498272069136,102.66926873699806,163261,143310,70967,NA,Scottsdale city,Arizona,04013,0.17895435345577584
"Surprise city, Arizona",0.35122402704682343,115.52531278498017,20.718255621744788,69.75012538733593,101163,86040,35783,NA,Surprise city,Arizona,04013,0.17987341855140981
"Tucson city, Arizona",0.3696557168318209,159.0491628822638,22.29095895117191,75.10608083505956,392754,248684,105407,NA,Tucson city,Arizona,04019,0.16904399639276765
"Little Rock city, Arkansas",0.7081835914463593,385.9379713249044,70.5169783591108,184.64646912860783,133113,94310,36809,NA,Little Rock city,Arkansas,05119,0.2045707105850376
"Bakersfield city, California",0.7314840658044304,337.0219107303635,55.84040824661457,227.5102433027526,303830,198937,72826,NA,Bakersfield city,California,06029,0.28037429574171746
"Escondido city, California",0.5035693051809692,165.55306868792536,34.647125735581184,139.709813389954,113914,81137,33590,NA,Escondido city,California,06073,0.22301402623188044
"Fresno city, California",0.47201903927946753,177.91129435963978,31.808760590187408,128.08318266474362,372747,243912,91999,NA,Fresno city,California,06019,0.2319238220526798
"Lancaster city, California",0.4685354024893586,150.0922353358203,31.496752415583106,126.80705620096441,112812,84056,34223,NA,Lancaster city,California,06037,0.223305548333653
"Los Angeles city, California",0.5151558241122327,170.73906059116,35.69520665946467,144.01100248222735,2660611,1868456,695903,NA,Los Angeles city,California,06037,0.28043847867037697
"Modesto city, California",0.5442531564341658,237.23396802094163,38.340892353390004,154.8876620778899,152853,105632,41721,NA,Modesto city,California,06099,0.2100318360509187
"Palmdale city, California",0.450167018322225,142.06471072759808,29.85616263250029,120.1032990101334,109500,88133,35451,NA,Palmdale city,California,06037,0.20218469282683327
"Sacramento city, California",0.5737242583448902,235.92050011176758,41.04055586219187,166.01433251501226,371144,251304,94279,NA,Sacramento city,California,06067,0.24942194776231463
"San Bernardino city, California",0.47778264605092624,168.83001023932695,32.32557802868844,130.1978318347894,186130,134539,47437,NA,San Bernardino city,California,06071,0.2563896437094761
"San Diego city, California",0.6168167217393691,217.12432135327012,45.024518693089576,182.48580792966834,1002114,653652,241055,NA,San Diego city,California,06073,0.28943718780975186
"San Francisco city, California",0.432799944184995,135.49035766663707,28.31202500380547,113.8033921054081,609856,401001,148450,NA,San Francisco city,California,06075,0.2854925927395845
"San Jose city, California",0.48358705463199714,125.25355630463349,32.84681882020928,132.33164547750786,732858,525836,197856,NA,San Jose city,California,06085,0.21694065782795155
"Santa Rosa city, California",0.5906123330715443,253.27375504556744,42.59669325468847,172.4408000358338,129947,91578,37605,NA,Santa Rosa city,California,06097,0.22278453520432853
"Stockton city, California",0.5834958774773241,235.9374222609477,41.940140153971186,169.72825313691226,221410,149753,55792,NA,Stockton city,California,06077,0.26973955396994453
"Aurora city, Colorado",0.6308387280732425,225.39520291513094,41.77979429322311,139.91599621913625,290422,223481,77191,NA,Aurora city,Colorado,08005,0.18298022067902883
"Colorado Springs city, Colorado",0.5484902393468082,214.09360954301226,34.923987947926186,116.52145259325698,346686,225410,89049,NA,Colorado Springs city,Colorado,08041,0.2057651653774641
"Denver city, Colorado",0.543981732938223,185.0941444045636,34.55276026630731,115.25944675745377,510378,358134,117494,NA,Denver city,Colorado,08005,0.2484894425317943
"Fort Collins city, Colorado",0.667057329901359,238.4335974557473,44.840794554655844,150.41474892420766,133929,74583,28826,NA,Fort Collins city,Colorado,08069,0.2297245777092011
"Lakewood city, Colorado",0.6078324744128226,245.61053432876258,39.84999414613066,133.31399867305717,129255,98774,40607,NA,Lakewood city,Colorado,08059,0.20958952020087213
"Thornton city, Colorado",0.6231048762823296,202.3470069423162,41.129809030536975,137.6908810885391,119276,91680,31166,NA,Thornton city,Colorado,08001,0.2209225043874106
"Jacksonville city, Florida",0.6753050454571592,324.414732483954,54.03751087326025,178.1521632146102,631434,449341,184795,NA,Jacksonville city,Florida,12031,0.24844634020823267
"Orlando city, Florida",0.6690838329242716,218.04909431405898,53.40995403505393,176.0332493489124,306206,227251,79180,NA,Orlando city,Florida,12095,0.2290578410871983
"Port St. Lucie city, Florida",0.706926717142696,390.94170999230823,57.24267142909018,188.9919452981193,148105,115833,52646,NA,Port St. Lucie city,Florida,12111,0.19646484382548848
"St. Petersburg city, Florida",0.6054503051607291,356.30539572796675,47.0475907015401,154.61556549287906,192216,146457,70052,NA,St. Petersburg city,Florida,12103,0.23732116233255696
"Tallahassee city, Florida",0.7320880956332972,293.9078957789176,59.81146214255241,197.7008581525071,161091,87924,35869,NA,Tallahassee city,Florida,12073,0.18893120994980123
"Tampa city, Florida",0.6241161961320559,245.48495701574922,48.90325050372176,160.85012428653846,300804,211837,78219,NA,Tampa city,Florida,12057,0.2544654748184383
"Atlanta city, Georgia",0.7118800986256277,256.59068814956584,60.88744801111953,162.46585022667597,383651,243848,85392,NA,Atlanta city,Georgia,13121,0.22907086843038865
"Augusta-Richmond County consolidated government, Georgia",0.7669105152044091,466.9871315029048,66.8411897144456,178.80335563646787,132612,94944,41128,NA,Augusta-Richmond County consolidated government,Georgia,13245,0.18320588573909377
"Macon-Bibb County, Georgia",0.7882809278155112,523.8310830184889,69.1757663874771,185.23073871146872,96956,77375,33825,NA,Macon-Bibb County,Georgia,13021,0.17840480268025938
"Savannah city, Georgia",0.6271443422421653,294.4088150018118,51.88096696333818,137.89988454894447,122932,91559,36977,NA,Savannah city,Georgia,13051,0.23393851000159271
"Boise  city, Idaho",0.5721904649202654,202.0443810611115,43.773023673354274,131.20606822858798,179816,127052,50482,NA,Boise City city,Idaho,16001,0.26450035014843415
"Aurora city, Illinois",0.6716169042231505,254.6702622706719,53.99925714521622,164.77601442215607,134970,97617,32202,NA,Aurora city,Illinois,17089,0.20808456528085068
"Chicago city, Illinois",0.4957269661441104,184.86136060639078,36.541417463527665,110.62046310499636,1869722,1216295,456404,NA,Chicago city,Illinois,17031,0.25331415896162396
"Joliet city, Illinois",0.6061684624995082,223.0066645183203,47.411993722369346,144.24531331851594,120159,93414,32271,NA,Joliet city,Illinois,17197,0.22814768502349464
"Naperville city, Illinois",0.718728845426967,275.0123517987085,58.809183103030655,179.84021073729835,114934,95857,37053,NA,Naperville city,Illinois,17043,0.20142861605444304
"Rockford city, Illinois",0.7171330886594653,421.3854921646805,58.64532034787285,179.32600218680003,110111,80852,36703,NA,Rockford city,Illinois,17201,0.2010920513165149
"Fort Wayne city, Indiana",0.6954050547591315,338.80777649764246,58.85387255996124,208.2861594384636,185270,128137,52452,NA,Fort Wayne city,Indiana,18003,0.22493385130237212
"Indianapolis city, Indiana",0.6887387949682794,322.6955491304021,58.144488285393706,205.7129321189076,581770,423547,168444,NA,Indianapolis city,Indiana,18097,0.23437782510864055
"Des Moines city, Iowa",0.6494753305219877,276.3992189700509,48.77579577966427,169.336056623148,153853,105120,42040,NA,Des Moines city,Iowa,19153,0.2333998692172728
"Overland Park city, Kansas",0.7658194755549873,314.01210462107815,66.84916320313835,196.233054642864,135451,118785,48359,NA,Overland Park city,Kansas,20091,0.18475880163157996
"Wichita city, Kansas",0.6085943413200108,301.6738842896465,50.029932025155105,145.8097565435323,267946,179847,75876,NA,Wichita city,Kansas,20173,0.2102565248918178
"Lexington-Fayette urban county, Kentucky",0.7995659918099252,370.1927531924999,71.29105710009046,201.82432567766793,211676,146245,58424,NA,Lexington-Fayette urban county,Kentucky,21067,0.15811172749727403
"Louisville city, Kentucky",0.6002853727698497,330.0531157598081,49.67771494234154,139.36105820024875,185124,126100,54633,NA,Louisville city,Kentucky,21111,0.2550259574811665
"Louisville-Jefferson County metro government, Kentucky",0.7978506512471112,480.1252394627014,71.10031336360376,201.26839459189387,302339,243199,103435,NA,Louisville-Jefferson County metro government,Kentucky,21111,0.16993174356947563
"Baton Rouge city, Louisiana",0.6411961355977591,311.5128871785876,54.60153094419719,145.94233555779647,183368,110521,46418,NA,Baton Rouge city,Louisiana,22033,0.22599636712627497
"New Orleans city, Louisiana",0.7109233224059992,350.76911275287443,62.197606196209875,166.77546800931955,251409,190855,79356,NA,New Orleans city,Louisiana,22071,0.302452450753078
"Shreveport city, Louisiana",0.6914002756269845,449.6981884773966,60.05719789675669,160.8924630287022,128371,90385,38941,NA,Shreveport city,Louisiana,22017,0.21088565969542633
"Boston city, Massachusetts",0.6050145594900821,177.70800381277735,40.07426252596317,149.65761747656217,475713,288188,110994,NA,Boston city,Massachusetts,25025,0.2739445311630398
"Detroit city, Michigan",0.5915320841153697,305.7705753844676,46.4557300915929,139.5131945282369,399518,304461,126368,NA,Detroit city,Michigan,26163,0.23894562690627497
"Jackson city, Mississippi",0.7048690753182598,415.46506047072506,65.61499431353586,170.57897284937778,107842,79836,33720,NA,Jackson city,Mississippi,28049,0.21762356320577464
"Kansas  city, Missouri",0.7420535716531532,381.8507460996028,64.68730350596566,192.10285872102574,362121,267567,109298,NA,Kansas City city,Missouri,29095,0.22139879021420128
"Springfield city, Missouri",0.7171286818105982,388.0336553244412,61.97451453069654,183.83636378796268,143551,87412,37082,NA,Springfield city,Missouri,29077,0.21957194340001887
"Lincoln city, Nebraska",0.6808613478950742,282.4435566011469,54.88460525443382,174.54672064192235,194467,118384,47849,NA,Lincoln city,Nebraska,31109,0.220844667596697
"Omaha city, Nebraska",0.6564210675462254,272.83336888509257,52.40854992046555,166.48657154824082,343488,239758,92791,NA,Omaha city,Nebraska,31055,0.2309853795703
"Henderson city, Nevada",0.24128613681427952,65.84300675433586,14.797187761767306,35.92536617106293,225947,176794,72079,NA,Henderson city,Nevada,32003,0.16852401271756726
"Las Vegas city, Nevada",0.2387657364022948,64.63485858739953,14.528545478751072,35.269251101333516,443995,341377,136096,NA,Las Vegas city,Nevada,32003,0.15931798461526023
"North Las Vegas city, Nevada",0.1780945039968547,35.924209810833084,8.113364002468556,19.643783399667974,176855,136852,49877,NA,North Las Vegas city,Nevada,32003,0.1131226982415721
"Reno city, Nevada",0.5021029583603421,210.44299575228987,43.54695184248734,106.95526288567136,204822,137656,59151,NA,Reno city,Nevada,32031,0.2806992767416347
"Albuquerque city, New Mexico",0.31063530761884833,117.41014016677879,18.082549991121763,60.13799404846128,397785,277985,116160,NA,Albuquerque city,New Mexico,35001,0.19563450883471736
"New York city, New York",0.43299649116772376,118.68536928084836,24.848487066922967,98.98651618545479,5664929,3741364,1491766,NA,New York city,New York,36081,0.2639636164859862
"Cary town, North Carolina",0.7694568667262878,237.56093213247996,75.1013343575748,234.32562079462323,147340,115998,42004,NA,Cary town,North Carolina,37183,0.1807846020925723
"Charlotte city, North Carolina",0.7545619211119126,246.39456911720717,73.28782480771198,228.5106057193901,644213,425964,145503,NA,Charlotte city,North Carolina,37119,0.19216878116401412
"Durham city, North Carolina",0.7099584303117593,252.11786475975265,67.89802774103366,211.27250822693,222030,142205,53755,NA,Durham city,North Carolina,37063,0.22806686895833592
"Fayetteville city, North Carolina",0.6774566573758779,334.0706155202905,64.00883328459643,198.87513071556918,160190,94306,37266,NA,Fayetteville city,North Carolina,37051,0.24641031333361813
"Greensboro city, North Carolina",0.8566115000894365,458.46198825495964,85.85124237248142,268.9479461892619,234621,153565,60878,NA,Greensboro city,North Carolina,37081,0.12251155633342428
"Raleigh city, North Carolina",0.72627762703495,220.20299732170744,69.86293187318668,217.54913486688733,362154,232560,83103,NA,Raleigh city,North Carolina,37183,0.2126931129240653
"Winston-Salem city, North Carolina",0.7250850063889932,400.475091893146,69.71905918908594,217.0892525774763,182747,124183,51156,NA,Winston-Salem city,North Carolina,37067,0.20748792886651027
"Akron city, Ohio",0.7391694992722361,443.52215058158833,64.05535749767112,186.98408502419963,141524,103135,45804,NA,Akron city,Ohio,39153,0.20998182559015263
"Cincinnati city, Ohio",0.7035475326232425,362.19578706993565,60.205463334553855,175.45916450347394,219760,158722,66703,NA,Cincinnati city,Ohio,39061,0.24497996588805743
"Cleveland city, Ohio",0.5941970883397961,316.4307738782795,48.60238151975687,140.94050762403873,246096,186985,83931,NA,Cleveland city,Ohio,39035,0.2600049869970081
"Columbus city, Ohio",0.65621865156885,271.0655432407919,55.14388222077282,160.36111832852302,695415,455786,168524,NA,Columbus city,Ohio,39049,0.24162657240633065
"Oklahoma  city, Oklahoma",0.654381030835246,339.1683532226226,57.295273144746275,160.16415332114886,472889,346579,134774,NA,Oklahoma City city,Oklahoma,40109,0.22690457133853328
"Tulsa city, Oklahoma",0.790422517039096,443.91774313424935,72.6308343547132,204.30341773393636,283408,196644,79670,NA,Tulsa city,Oklahoma,40143,0.14259651495023823
"Eugene city, Oregon",0.6472588762519175,352.9805866685606,54.50213981786589,162.49867765120618,134345,81487,33762,NA,Eugene city,Oregon,41039,0.23395903896150855
"Portland city, Oregon",0.6805336335071785,276.11385874683924,58.066532443323936,173.38876047965303,501958,340691,115950,NA,Portland city,Oregon,41051,0.22237522027469783
"Salem city, Oregon",0.6219414882384157,299.66019645959955,51.81023607694,154.29504859516265,147511,95522,37485,NA,Salem city,Oregon,41047,0.24380612589094583
"Pittsburgh city, Pennsylvania",0.6560758416356933,356.891426087047,52.505280988647,165.97694621141255,211076,150697,65291,NA,Pittsburgh city,Pennsylvania,42003,0.25503533611320545
"Charleston city, South Carolina",0.63378671336843,258.9014021525516,56.6216314236607,150.26156487851122,136484,102529,41475,NA,Charleston city,South Carolina,45019,0.2486922362938402
"Sioux Falls city, South Dakota",0.6518206106831024,271.9815980621331,51.78812988299384,169.95318800093202,134145,87650,35007,NA,Sioux Falls city,South Dakota,46099,0.238992227939748
"Chattanooga city, Tennessee",0.7350112097228796,404.4694315556948,66.51566942657124,181.11402362069467,154410,108146,47078,NA,Chattanooga city,Tennessee,47065,0.24247683787705493
"Knoxville city, Tennessee",0.7104304045079762,395.8402651803121,63.73650060504646,173.3512598664213,210171,136116,55566,NA,Knoxville city,Tennessee,47093,0.22176378130087152
"Memphis city, Tennessee",0.7464772077553843,422.14169049424163,67.81798716177708,184.75731502683993,436267,289346,119931,NA,Memphis city,Tennessee,47157,0.2033881274717619
"Murfreesboro city, Tennessee",0.6782509079260656,242.12058448673562,60.124314891395585,163.28640452640795,135204,85993,30236,NA,Murfreesboro city,Tennessee,47149,0.21814633253079244
"Nashville-Davidson metropolitan government, Tennessee",0.7463034460802395,322.04953618631504,67.7982228663718,184.70199658715308,477398,341442,129351,NA,Nashville-Davidson metropolitan government,Tennessee,47037,0.21770797515070028
"Amarillo city, Texas",0.5660794898772883,317.7883149636169,43.15141319649117,118.50519413966984,133054,89992,33449,NA,Amarillo city,Texas,48375,0.20116636485229417
"Austin city, Texas",0.685272541268787,173.962615431251,55.03118835592163,151.95066209742848,823528,516773,163406,NA,Austin city,Texas,48453,0.21429465111751295
"Brownsville city, Texas",0.6267209183508334,264.6642327532391,49.150528304275355,135.35164857831538,135922,88719,32232,NA,Brownsville city,Texas,48061,0.2336369109556913
"Corpus Christi city, Texas",0.4966910955712438,223.1608601308537,36.399311397155884,99.6503466839248,212198,144148,58223,NA,Corpus Christi city,Texas,48355,0.2737784064928483
"Dallas city, Texas",0.6405594245139676,224.63718398605397,50.53252844625788,139.24499298237527,989941,657242,242715,NA,Dallas city,Texas,48113,0.26055482322527657
"El Paso city, Texas",0.26872637200510235,72.24615960535182,15.035176011263243,40.74738430101353,451610,283520,108854,NA,El Paso city,Texas,48141,0.15995945745706838
"Fort Worth city, Texas",0.572840062167166,199.4118618737938,43.81565653260603,120.36614443340157,667959,484116,172632,NA,Fort Worth city,Texas,48439,0.237424046021569
"Grand Prairie city, Texas",0.6020611365553579,206.94799494042175,46.69984805154077,128.45909977216033,141430,112597,39549,NA,Grand Prairie city,Texas,48113,0.2551889302649003
"Houston city, Texas",0.5969440178628627,190.9659720074038,46.19322960644759,127.03606577052831,2691581,1850917,646827,NA,Houston city,Texas,48201,0.25275097036088195
"Killeen city, Texas",0.6540687091288373,253.44838383070854,51.88634109228272,143.0634343088772,113221,68292,23144,NA,Killeen city,Texas,48027,0.16947270749895563
"Laredo city, Texas",0.49667091305768973,160.6247784337352,36.39736471011899,99.64492699757483,151345,95091,32175,NA,Laredo city,Texas,48479,0.2278794050641456
"Lubbock city, Texas",0.4944556218360211,208.25900204868225,36.183751305466025,99.05027264300547,181901,105148,40529,NA,Lubbock city,Texas,48303,0.20000546053885176
"McAllen city, Texas",0.5392969748762164,167.30650255754844,40.5311370417894,111.17481813048492,102261,81199,28459,NA,McAllen city,Texas,48215,0.20658305558129755
"McKinney city, Texas",0.5954440042556051,148.3676388251499,46.044845988417535,126.61939203276651,149652,131089,38075,NA,McKinney city,Texas,48085,0.2530714520888748
"Pasadena city, Texas",0.6780833790471513,225.9926579857676,54.30442592556249,149.89473035512248,101817,85212,34199,NA,Pasadena city,Texas,48201,0.28873006145471714
"San Antonio city, Texas",0.5159501046242965,189.60091791549308,38.26147519768997,104.83903718171966,1115924,742629,268274,NA,San Antonio city,Texas,48029,0.24903458493414476
"Salt Lake  city, Utah",0.5658033696796505,180.29938214095148,41.934229774988665,120.74550447114844,154843,94966,33364,NA,Salt Lake City city,Utah,49035,0.28465891886726913
"Chesapeake city, Virginia",0.8293415725929485,371.6660918702811,70.55417291770091,208.87798071244197,161758,141226,56600,NA,Chesapeake city,Virginia,51550,0.1654253189990278
"Virginia Beach city, Virginia",0.7068845048424681,302.383232780149,57.77734027376165,170.09027808719276,300620,213862,87783,NA,Virginia Beach city,Virginia,51810,0.2748851080620442
"Spokane city, Washington",0.6048502903487949,285.0955671191112,43.45794957750445,136.85765981603348,171584,116375,47707,NA,Spokane city,Washington,53063,0.2217006183065941
"Vancouver city, Washington",0.6359582059207312,272.7916298758171,46.32227512689968,146.0841599850808,155831,112745,44709,NA,Vancouver city,Washington,53011,0.28249614787422783
"Madison city, Wisconsin",0.6368023761160686,213.61322763419705,46.27271920535371,154.89340866888622,213060,126408,47835,NA,Madison city,Wisconsin,55025,0.2763909710448963
"Milwaukee city, Wisconsin",0.6653624072622814,317.6175187905145,48.915711137112396,163.95363135159795,365076,271408,106699,NA,Milwaukee city,Wisconsin,55131,0.23837540624861903
all cities,0.5884884116645527,246.01348998468973,45.71757960565994,145.24148629746122,59592288,41690602,16012617,NA,all cities,NA,NA,0.231278164982731
